,kc,LAI,stress,R,s,E,ET,T,L,dsdt,dos,doy
0,0.3,0.75,0.896766798042231,0.0,0.5432555705457055,0.4376437897620463,0.5012705283814326,0.06362673861938628,0.0,-0.5012705283814326,0.0,60
1,0.3,0.75,0.9168227406572946,0.0,0.5406228471823576,0.4236969118318634,0.47468657830718,0.050989666475316574,0.0,-0.47468657830718,0.0,61
2,0.3,0.75,0.936019520921467,0.0,0.5381297454055343,0.4106292080911871,0.4496519860377514,0.03902277794656434,0.0,-0.4496519860377514,0.0,62
3,0.3,0.75,0.9543873181244924,0.0,0.5357681278318066,0.39837717784171484,0.4260641914343864,0.027687013592671582,0.0,-0.4260641914343864,0.0,63
4,0.3,0.75,0.9719562532331162,0.0,0.5335303957339369,0.3868825690790084,0.4038284686019054,0.016945899522897,0.0,-0.4038284686019054,0.0,64
5,0.3,0.75,0.9887562015367541,0.0,0.5314094478946412,0.3760918901523968,0.3828572400466743,0.006765349894277506,0.0,-0.3828572400466743,0.0,65
6,0.3,0.75,1.0,0.0,0.5293986430624633,0.365955971699784,0.365955971699784,0.0,0.0,-0.365955971699784,0.0,66
7,0.3,0.75,1.0,0.0,0.5274766053959729,0.3563541714988824,0.3563541714988824,0.0,0.0,-0.3563541714988824,0.0,67
8,0.3,0.75,1.0,27.190865439781543,0.5256049973523863,1.2522051024802747,1.9165930924552974,0.6643879899750226,0.0,25.274272347326246,0.0,68
9,0.3,0.75,0.23678725073004775,0.0,0.6583480243866628,1.1768693987070005,1.792939915762982,0.6160705170559815,0.0,-1.792939915762982,0.0,69
10,0.3,0.75,0.27486396882601677,0.0,0.6489313231484118,1.1078188820187225,1.6786892331310992,0.5708703511123767,0.0,-1.6786892331310992,0.0,70
11,0.3,0.75,0.31308645290319437,0.0,0.6401146780164207,1.0444422730781395,1.5729927275569588,0.5285504544788194,0.0,-1.5729927275569588,0.0,71
12,0.3,0.75,0.35115977169322304,0.0,0.6318531615901762,0.986196279868789,1.4750914555016348,0.4888951756328458,0.0,-1.4750914555016348,0.0,72
13,0.3,0.75,0.38884786328266724,0.0,0.6241058325171635,0.9325970953783042,1.3843050914606887,0.45170799608238443,0.0,-1.3843050914606887,0.0,73
14,0.3,0.75,0.42596339130538813,0.0,0.6168353225830212,0.883213075717344,1.3000226241158457,0.41680954839850165,0.0,-1.3000226241158457,0.0,74
15,0.3,0.75,0.4623593495879837,0.0,0.6100074726664464,0.8376584186335687,1.2216942874325112,0.3840358687989425,0.0,-1.2216942874325112,0.0,75
16,0.3,0.75,0.49792210198913817,0.0,0.6035910110727882,0.795587692264378,1.1488245454137613,0.35323685314938336,0.0,-1.1488245454137613,0.0,76
17,0.3,0.75,0.5325656031947432,0.0,0.5975572687124219,0.7566910885024069,1.0809659783220318,0.3242748898196249,0.0,-1.0809659783220318,0.0,77
18,0.3,0.75,0.5662265935247113,0.0,0.591879926389302,0.720690295552091,1.0177139422207404,0.2970236466686494,0.0,-1.0177139422207404,0.0,78
19,0.3,0.75,0.5988605988302806,0.0,0.5865347901381426,0.6873349009517107,0.9587018936147949,0.2713669926630842,0.0,-0.9587018936147949,0.0,79
20,0.3,0.75,0.6304385972271321,0.0,0.5814995911170565,0.6563992501763007,0.9035972875381719,0.24719803736187113,0.0,-0.9035972875381719,0.0,80
21,0.3,0.75,0.6609442392186853,0.0,0.5767538070438518,0.6276796974461221,0.8520979712566107,0.2244182738104886,0.0,-0.8520979712566107,0.0,81
22,0.3,0.75,0.6903715278932668,0.0,0.5722785025729663,0.6009921949643264,0.8039290073145646,0.20293681235023814,0.0,-0.8039290073145646,0.0,82
23,0.3,0.75,0.7187228822573025,0.0,0.5680561863580789,0.5761701748359686,0.7588398693547469,0.1826696945187784,0.0,-0.7588398693547469,0.0,83
24,0.3,0.75,0.7460075201292515,0.0,0.5640706828425602,0.5530626846543377,0.7166019622986267,0.163539277644289,0.0,-0.7166019622986267,0.0,84
25,0.3,0.75,0.7722401079494788,0.0,0.5603070170741851,0.5315327434035312,0.6770064253596193,0.14547368195608817,0.0,-0.6770064253596193,0.0,85
26,0.3,0.75,0.7974396338245721,3.535115662198191,0.5567513110586408,0.619076072071768,0.8366029280658034,0.21752685599403546,0.0,2.698512734132388,0.0,86
27,0.3,0.75,0.6994032292792407,0.0,0.5709241720572353,0.5929924155146816,0.789428441389411,0.19643602587472947,0.0,-0.789428441389411,0.0,87
28,0.3,0.75,0.7274178431317163,0.0,0.5667780142768287,0.5687251677764223,0.7452596363052001,0.17653446852877774,0.0,-0.7452596363052001,0.0,88
29,0.3,0.75,0.754369822838046,0.0,0.5628638355147216,0.5461279378601434,0.7038743483308071,0.1577464104706637,0.0,-0.7038743483308071,0.0,89
30,0.3,0.75,0.7802753059184198,0.0,0.5591670164583623,0.5250678299823388,0.6650695089824777,0.14000167900013896,0.0,-0.6650695089824777,0.0,90
31,0.3,0.75,0.805154437323674,0.0,0.5556740043313535,0.505424046269594,0.6286592670600907,0.12323522079049666,0.0,-0.6286592670600907,0.0,91
32,0.3,0.75,0.829030481677143,0.0,0.552372222466542,0.48708664967101795,0.5944733175104197,0.10738666783940172,0.0,-0.5944733175104197,0.0,92
33,0.3,0.75,0.8519290837634469,9.441635143949368,0.5492499886560882,0.7648955429103774,1.0953199038532824,0.3304243609429049,0.0,8.346315240096086,0.0,93
34,0.3,0.75,0.558991420644591,0.0,0.5930856779423072,0.7282871307144698,1.0310983848375441,0.3028112541230742,0.0,-1.0310983848375441,0.0,94
35,0.3,0.75,0.5918517530023066,0.0,0.5876702452488327,0.6943763728734533,0.9711935500678501,0.27681717719439686,0.0,-0.9711935500678501,0.0,95
36,0.3,0.75,0.6236612240052862,0.0,0.5825694387883923,0.662932476599098,0.9152657827833809,0.25233330618428285,0.0,-0.9152657827833809,0.0,96
37,0.3,0.75,0.6544009399155695,0.0,0.5777623706015048,0.6337472252762975,0.8630066041635205,0.22925937888722298,0.0,-0.8630066041635205,0.0,97
38,0.3,0.75,0.6840628291022174,1.5254369143800892,0.573229772890562,0.6548265302373314,0.9007858329115266,0.24595930267419525,0.0,0.6246510814685626,0.0,98
39,0.3,0.75,0.6625276038818143,0.0,0.57651050336046,0.6262188955316039,0.8494693116618115,0.2232504161302076,0.0,-0.8494693116618115,0.0,99
40,0.3,0.75,0.6918978619767011,0.0,0.5720490048748412,0.5996340812808453,0.801469304680083,0.20183522339923776,0.0,-0.801469304680083,0.0,100
41,0.3,0.75,0.7201925159191783,1.144322524334082,0.5678396072662274,0.6103176581772872,0.8207962400551974,0.2104785818779101,0.0,0.32352628427888463,0.0,101
42,0.3,0.75,0.7087026677196852,0.0,0.5695387999357594,0.5848463343050836,0.7746325739967286,0.189786239691645,0.0,-0.7746325739967286,0.0,102
43,0.3,0.75,0.736367521073897,0.0,0.5654703515429195,0.56114186096303,0.7313995483690433,0.17025768740601332,0.0,-0.7313995483690433,0.0,103
44,0.3,0.75,0.7629745263380002,0.0,0.561628967360309,0.5390624348004758,0.6908814781299588,0.15181904332948298,0.0,-0.6908814781299588,0.0,104
45,0.3,0.75,0.7885412424537422,0.0,0.55800038816845,0.5184792707095137,0.6528811339180736,0.13440186320855982,0.0,-0.6528811339180736,0.0,105
46,0.3,0.75,0.8130889268582732,0.0,0.5545713906163593,0.49927525944013806,0.6172179343986626,0.11794267495852448,0.0,-0.6172179343986626,0.0,106
47,0.3,0.75,0.8366416992108366,0.0,0.5513296997844336,0.48134377849312604,0.5837263374584071,0.10238255896528105,0.0,-0.5837263374584071,0.0,107
48,0.3,0.75,0.8592258450753757,0.0,0.548263910196942,0.4645876370900259,0.5522544060353473,0.0876667689453214,0.0,-0.5522544060353473,0.0,108
49,0.3,0.75,0.8808692370807624,0.0,0.5453634143669244,0.44891813863864827,0.5226625275998851,0.07374438896123685,0.0,-0.5226625275998851,0.0,109
50,0.3,0.75,0.9016008547569312,0.0,0.5426183380665048,0.4342542463453201,0.4948222690645432,0.060568022719223076,0.0,-0.4948222690645432,0.0,110
51,0.3,0.75,0.9214503872974863,0.0,0.540019481611334,0.4205218395329899,0.46861535126739273,0.048093511734402836,0.0,-0.46861535126739273,0.0,111
52,0.3,0.75,0.94044790603811,0.0,0.537558266531148,0.407653049857872,0.44393272920738236,0.036279679349510374,0.0,-0.44393272920738236,0.0,112
53,0.3,0.75,0.9586235955556136,0.0,0.5352266870710252,0.3955856680189826,0.42067376595990325,0.02508809794092066,0.0,-0.42067376595990325,0.0,113
54,0.3,0.75,0.9760075340583018,83.63272102230329,0.5330172660313198,4.150801088337651,5.350801088337652,1.2,21.60719563335728,56.67472430060836,0.0,114
55,0.3,0.75,0.0,3.593851457033017,0.8306786331563638,2.8473276165451886,4.047327616545188,1.2,2.7889472305246428,-3.242423390036814,0.0,115
56,0.3,0.75,0.0,0.0,0.8136490985448259,2.4978987314889824,3.6978987314889826,1.2,0.0,-3.6978987314889826,0.0,116
57,0.3,0.75,0.0,3.6153750043099273,0.7942273615096948,2.4937744420729726,3.6937744420729723,1.2,0.0,-0.07839943776304503,0.0,117
58,0.3,0.75,0.0,0.0,0.7938155997567375,2.3115168687311805,3.5115168687311806,1.2,0.0,-3.5115168687311806,0.0,118
59,0.3,0.75,0.0003425817395252648,0.0,0.77537275905962,2.142580444366896,3.3203696878530717,1.1777892434861759,0.0,-3.3203696878530717,0.0,119
60,0.3,0.75,0.007790644815956368,0.0,0.7579338426318203,1.9868197370479381,3.0809021816806754,1.0940824446327373,0.0,-3.0809021816806754,1.0,120
61,0.3,0.75,0.0234057764690093,0.0,0.7417526336944218,1.8458402051021798,2.8622528468354043,1.0164126417332244,0.0,-2.8622528468354043,2.0,121
62,0.3,0.75,0.04542048713593266,0.0,0.7267197931123031,1.7180018987342367,2.662256905673291,0.9442550069390545,0.0,-2.662256905673291,3.0,122
63,0.3,0.75,0.07238822238826417,0.0,0.7127373513808257,1.6018732322521079,2.4790125188800713,0.8771392866279634,0.0,-2.4790125188800713,4.0,123
64,0.3,0.75,0.10312491968168197,0.0,0.699717327647212,1.49620117423859,2.310844346945207,0.8146431727066172,0.0,-2.310844346945207,5.0,124
65,0.3,0.75,0.13666170505957548,0.0,0.687580540110735,1.3998861752301541,2.156272767761682,0.7563865925315278,0.0,-2.156272767761682,6.0,125
66,0.3,0.75,0.1722064812218452,0.0,0.6762555780951799,1.3119610061774694,2.0139877810343325,0.7020267748568633,0.0,-2.0139877810343325,7.0,126
67,0.3,0.75,0.2091126398820671,0.0,0.6656779111779828,1.23157283780248,1.8828268114567974,0.6512539736543174,0.0,-1.8828268114567974,8.0,127
68,0.3,0.75,0.24685350363989694,0.0,0.6557891148993231,1.1579680157333423,1.7617557672500932,0.6037877515167508,0.0,-1.7617557672500932,9.0,128
69,0.3,0.75,0.2850013918482243,0.0,0.6465361959536818,1.090479086010524,1.6498528265881967,0.5593737405776726,0.0,-1.6498528265881967,10.0,129
70,0.3,0.75,0.32321043071864103,0.0,0.637871002536727,1.0285137056005547,1.5462945177768441,0.5177808121762896,0.0,-1.5462945177768441,11.0,130
71,0.3,0.75,0.3612024048965425,0.0,0.6297497078005041,0.971545137082454,1.4503437345248735,0.47879859744241954,0.0,-1.4503437345248735,12.0,131
72,0.3,0.75,0.39875508707249424,0.0,0.6221323562536297,0.919104078906052,1.3613393889234744,0.44223531001742256,0.0,-1.3613393889234744,13.0,132
73,0.3,0.75,0.435692592333064,0.0,0.6149824645050821,0.8707716250702877,1.2786874546946816,0.40791582962439393,0.0,-1.2786874546946816,14.0,133
74,0.3,0.75,0.47187739134827367,6.175966070670449,0.6082666690497529,1.0486357626487648,1.5800123977179261,0.5313766350691612,0.0,4.595953672952523,15.0,134
75,0.3,0.75,0.3485481609005322,0.23024749832369526,0.6324050811976129,0.9985196483634404,1.4958685968932515,0.497348948529811,0.0,-1.2656210985695562,16.0,135
76,0.3,0.75,0.3806499495301276,0.0,0.6257579115622686,0.9439429568567136,1.4035809323556026,0.45963797549888896,0.0,-1.4035809323556026,17.0,136
77,0.3,0.75,0.41790451712348053,0.0,0.6183861629679639,0.8936716935339666,1.3179252757801931,0.42425358224622656,0.0,-1.3179252757801931,18.0,137
78,0.3,0.75,0.4544685874938913,0.0,0.6114642865195385,0.8473105270525645,1.2383391023463495,0.3910285752937849,0.0,-1.2383391023463495,19.0,138
79,0.3,0.75,0.49022175887951913,0.0,0.6049604046794842,0.8045056268999392,1.1643155693614633,0.35980994246152403,0.0,-1.1643155693614633,20.0,139
80,0.3,0.75,0.5250723943037308,3.4313075573019804,0.5988453018992244,0.8834254522676348,1.300386453248667,0.41696100098103234,0.0,2.1309211040533134,21.0,140
81,0.3,0.75,0.46219811959209395,0.0,0.6100371144205128,0.8378544422386351,1.2220325914570964,0.3841781492184612,0.0,-1.2220325914570964,22.0,141
82,0.3,0.75,0.4977648143431541,0.0,0.6036188760200029,0.7957688273598826,1.1491394322558963,0.3533706048960136,0.0,-1.1491394322558963,23.0,142
83,0.3,0.75,0.5324125892237653,0.0,0.5975834798421883,0.7568586495975417,1.0812593528400454,0.32440070324250364,0.0,-1.0812593528400454,24.0,143
84,0.3,0.75,0.5660780919625971,0.0,0.5919045966865157,0.720845464472653,1.0179875285679283,0.2971420640952754,0.0,-1.0179875285679283,25.0,144
85,0.3,0.75,0.5987167721558544,0.0,0.5865580235322724,0.6874787418836225,0.9589572548385297,0.27147851295490727,0.0,-0.9589572548385297,26.0,145
86,0.3,0.75,0.6302995452832462,0.0,0.5815214833282885,0.6565327228177388,0.9038358427935232,0.24730311997578447,0.0,-0.9038358427935232,27.0,146
87,0.3,0.75,0.6608100105742472,0.0,0.5767744463388267,0.6278036685294299,0.8523210109557979,0.22451734242636795,0.0,-0.8523210109557979,28.0,147
88,0.30357142857142855,0.75,0.6902421293271789,0.0,0.5722979704409495,0.6011074483695931,0.8041377064861508,0.20303025811655767,0.0,-0.8041377064861508,29.0,148
89,0.3214285714285714,0.75,0.7185982866770968,0.0,0.5680745581169676,0.5762774204853021,0.7590352994467464,0.18275787896144438,0.0,-0.7590352994467464,30.0,149
90,0.33928571428571425,0.75,0.7458876731831808,0.0,0.5640880281828986,0.5531625663482086,0.7167851016261217,0.16362253527791318,0.0,-0.7167851016261217,31.0,150
91,0.3571428571428571,0.75,0.7721249335465487,0.0,0.5603234005483076,0.5316258457373207,0.6771781683691973,0.1455523226318766,0.0,-0.6771781683691973,32.0,151
92,0.37499999999999994,0.75,0.7973290387406644,0.0,0.5567667925211585,0.5115427435803284,0.6400233476818888,0.12848060410156048,0.0,-0.6400233476818888,33.0,152
93,0.3928571428571428,0.75,0.8215223452108338,7.593021354940839,0.5534053253589637,0.7295432359840011,1.0333095041341067,0.3037662681501057,0.0,6.559711850806732,34.0,153
94,0.41071428571428564,0.75,0.5906992701146213,0.0,0.5878575934829486,0.6955405017838521,0.9732569505020054,0.2777164487181533,0.0,-0.9732569505020054,35.0,154
95,0.4285714285714285,0.75,0.6225465649017063,0.0,0.5827459498353541,0.6640124458396267,0.9171930050493262,0.25318055920969956,0.0,-0.9171930050493262,36.0,155
96,0.4464285714285714,0.75,0.6533245786134083,0.0,0.5779287596827841,0.6347500919640656,0.8648081384414292,0.23005804647736364,0.0,-0.8648081384414292,37.0,156
97,0.4642857142857142,0.75,0.6830248909165382,0.0,0.5733867001321463,0.6075646428125238,0.815820803446826,0.20825616063430222,0.0,-0.815820803446826,38.0,157
98,0.4821428571428571,0.75,0.7116479550894225,0.0,0.5691019270047996,0.5822852916528137,0.7699745412758514,0.18768924962303773,0.0,-0.7699745412758514,39.0,158
99,0.4999999999999999,0.75,0.7392014054000414,0.0,0.5650579430695273,0.558757297103364,0.7270354238370947,0.1682781267337308,0.0,-0.7270354238370947,40.0,159
100,0.5178571428571428,0.75,0.7656986438075564,0.0,0.5612394797090383,0.5368402861457713,0.6867897887491551,0.14994950260338377,0.0,-0.6867897887491551,41.0,160
101,0.5357142857142856,0.75,0.7911576602010453,0.0,0.5576323904824146,0.5164067557021645,0.6490422300177547,0.13263547431559014,0.0,-0.6490422300177547,42.0,161
102,0.5535714285714285,0.75,0.8156000481302093,0.0,0.5542235552407248,0.49734074727839994,0.6136138124338786,0.11627306515547868,0.0,-0.6136138124338786,43.0,162
103,0.5714285714285714,0.75,0.8390501843568632,0.0,0.5510007936207989,0.47953667273987566,0.5803404821197102,0.10080380937983459,0.0,-0.5803404821197102,44.0,163
104,0.5892857142857142,0.75,0.8615345458163323,0.0,0.5479527868869769,0.4628982723135918,0.5490716493710809,0.08617337705748902,0.0,-0.5490716493710809,45.0,164
105,0.607142857142857,0.75,0.883081141928288,0.0,0.5450690072159103,0.4473376884854815,0.519668923121851,0.07233123463636949,0.0,-0.519668923121851,46.0,165
106,0.6249999999999999,0.75,0.9037190438018946,0.0,0.5423396536280854,0.4327746416582146,0.49200497907302465,0.05923033741481003,0.0,-0.49200497907302465,47.0,166
107,0.6428571428571428,0.75,0.9234779948738719,0.0,0.5397555938640465,0.4191356953115874,0.46596254585901037,0.04682685054742297,0.0,-0.46596254585901037,48.0,167
108,0.6607142857142856,0.75,0.9423880900086616,0.0,0.5373083115853752,0.4063536000150725,0.4414334956248732,0.03507989560980072,0.0,-0.4414334956248732,49.0,168
109,0.6785714285714284,0.75,0.9604795121655667,0.0,0.5349898583520513,0.3943667070216703,0.4183180271115162,0.023951320089845927,0.0,-0.4183180271115162,50.0,169
110,0.6964285714285713,0.75,0.9777823174706882,0.0,0.5327928098903311,0.38311844335852047,0.39652393083210946,0.013405487473588983,0.0,-0.39652393083210946,51.0,170
111,0.7142857142857142,0.75,0.9943262609805829,0.0,0.5307102262199943,0.37255684135192757,0.3759659272079001,0.003409085855972549,0.0,-0.3759659272079001,52.0,171
112,0.732142857142857,0.75,1.0,0.0,0.5287356152577679,0.36263411640686355,0.36263411640686355,0.0,0.0,-0.36263411640686355,53.0,172
113,0.7499999999999999,0.75,1.0,0.0,0.5268310243102529,0.35314822222117687,0.35314822222117687,0.0,0.0,-0.35314822222117687,54.0,173
114,0.7678571428571428,0.75,1.0,0.0,0.5249762542355618,0.34399136738220926,0.34399136738220926,0.0,0.0,-0.34399136738220926,55.0,174
115,0.7857142857142856,0.75,1.0,0.0,0.5231695768858653,0.33514937183626403,0.33514937183626403,0.0,0.0,-0.33514937183626403,56.0,175
116,0.8035714285714284,0.75,1.0,0.0,0.5214093385884059,0.3266087840937942,0.3266087840937942,0.0,0.0,-0.3266087840937942,57.0,176
117,0.8214285714285712,0.75,1.0,0.0,0.5196939563190057,0.3183568378515459,0.3183568378515459,0.0,0.0,-0.3183568378515459,58.0,177
118,0.8392857142857142,0.75,1.0,0.0,0.5180219141033988,0.3103814115458977,0.3103814115458977,0.0,0.0,-0.3103814115458977,59.0,178
119,0.857142857142857,0.75,1.0,31.241404310213696,0.5163917596309939,1.3444957045636265,2.0667745787809784,0.7222788742173517,0.0,29.174629731432717,60.0,179
120,0.875,0.75,0.19494041564068,0.0,0.6696198569599473,1.261332629203984,1.9315079426117308,0.6701753134077469,0.0,-1.9315079426117308,61.0,180
121,0.8928571428571428,0.75,0.2324189348864896,24.389715389053038,0.6594753824714403,2.2538534768660567,3.4538534768660565,1.2,0.0,20.93586191218698,62.0,181
122,0.9107142857142856,0.75,0.0017867054180528868,0.0,0.7694326404135988,2.089085142538436,3.2383618165237102,1.1492766739852742,0.0,-3.2383618165237102,63.0,182
123,0.9285714285714284,0.75,0.012166586270595536,0.0,0.7524244375957222,1.9384310135783849,3.0060683140378512,1.0676373004594664,0.0,-3.0060683140378512,64.0,183
124,0.9464285714285714,0.75,0.030086618045617766,0.0,0.7366362636774562,1.801988080208103,2.7938421458598923,0.9918540656517894,0.0,-2.7938421458598923,65.0,184
125,0.9642857142857142,0.75,0.05389320835370377,0.0,0.7219627229954189,1.6781892513085779,2.5996103216865882,0.9214210703780104,0.0,-2.5996103216865882,66.0,185
126,0.982142857142857,0.75,0.08223288639493391,0.0,0.7083093074403423,1.5656653126900593,2.4215499884037017,0.8558846757136427,0.0,-2.4215499884037017,67.0,186
127,0.9999999999999998,0.75,0.11399784508552539,0.0,0.6955910827113312,1.463216794056502,2.2580539910708914,0.7948371970143896,0.0,-2.2580539910708914,68.0,187
128,1.0178571428571428,0.75,0.14828181466553014,0.0,0.6837315554473034,1.3697902791071315,2.1077017452541873,0.7379114661470559,0.0,-2.1077017452541873,69.0,188
129,1.0357142857142856,0.75,0.18434419322660553,0.0,0.6726616933398759,1.284458388226262,1.969234516257666,0.6847761280314042,0.0,-1.969234516257666,70.0,189
130,1.0535714285714284,0.75,0.22158080143206652,0.0,0.6623190750822201,1.20640280849789,1.8415343688925463,0.6351315603946563,0.0,-1.8415343688925463,71.0,190
131,1.0714285714285712,0.75,0.2594999708806095,0.0,0.6526471508758517,1.1348998615361658,1.7236061857402536,0.5887063242040879,0.0,-1.7236061857402536,72.0,191
132,1.0892857142857142,0.75,0.2977029418257716,0.0,0.6435945973793167,1.069308192271085,1.6145622596918048,0.5452540674207199,0.0,-1.6145622596918048,73.0,192
133,1.107142857142857,0.75,0.33586775409029795,0.0,0.6351147535784143,1.0090582363083551,1.5136090534847435,0.5045508171763885,0.0,-1.5136090534847435,74.0,193
134,1.1249999999999998,0.75,0.37373597840769346,0.0,0.6271651261966666,0.9536431836084063,1.420035789352406,0.46639260574399977,0.0,-1.420035789352406,75.0,194
135,1.1428571428571428,0.75,0.41110176423103334,0.0,0.6197069550341014,0.9026112049644806,1.3332045891281674,0.4305933841636868,0.0,-1.3332045891281674,76.0,195
136,1.1607142857142856,0.75,0.44780278199702106,0.0,0.6127048300912014,0.8555587474152925,1.2525419318530588,0.39698318443776637,0.0,-1.2525419318530588,77.0,196
137,1.1785714285714284,0.75,0.483712718830601,0.0,0.6061263535583596,0.812124737116153,1.1775312341962791,0.3654064970801261,0.0,-1.1775312341962791,78.0,197
138,1.1964285714285712,0.75,0.5187350512633292,0.0,0.5999418407737154,0.7719855547406934,1.107706390454527,0.33572083571383365,0.0,-1.107706390454527,79.0,198
139,1.2,0.75,0.5527978702226019,0.0,0.5941240551095635,0.7348506703220424,1.042646134847947,0.30779546452590445,0.0,-1.042646134847947,80.0,199
140,1.2,0.75,0.585849575046316,0.0,0.5886479724685554,0.7004588424637198,0.9819691103127854,0.2815102678490657,0.0,-0.9819691103127854,81.0,200
141,1.2,0.75,0.6178552867041271,0.0,0.5834905716790975,0.6685748017712534,0.925329545830921,0.25675474405966764,0.0,-0.925329545830921,82.0,201
142,1.2,0.75,0.6487938574155488,0.2296248345069637,0.5786306475938511,0.6462871646421277,0.8855031344667379,0.23921596982461021,0.0,-0.6558782999597742,83.0,202
143,1.2,0.75,0.6711809924222708,0.0,0.5751859086234741,0.618285925810428,0.8351782872031034,0.21689236139267543,0.0,-0.8351782872031034,84.0,203
144,1.2,0.75,0.7002378011614068,0.0,0.5707994680394242,0.5922576101655932,0.788095056754829,0.19583744658923585,0.0,-0.788095056754829,85.0,204
145,1.2,0.75,0.7282211505381461,0.0,0.5666603133295773,0.5680412158591012,0.7440107198410723,0.1759695039819711,0.0,-0.7440107198410723,86.0,205
146,1.2,0.75,0.7551422714094849,0.0,0.5627526940026809,0.545490768088659,0.7027036993015272,0.15721293121286822,0.0,-0.7027036993015272,87.0,206
147,1.2,0.7589285714285714,0.7810174326802162,0.0,0.5590620233130721,0.5221375618425842,0.6632959607917913,0.14115839894920715,0.0,-0.6632959607917913,88.0,207
148,1.2,0.8035714285714285,0.8058414038880937,6.977283428417934,0.555578326040006,0.7037485361623671,1.0237562503217776,0.32000771415941043,0.0,5.953527178096156,89.0,208
149,1.2,0.8482142857142856,0.5969302226631358,0.0,0.5868468511350489,0.6562374281383256,0.964834620014305,0.30859719187597934,0.0,-0.964834620014305,90.0,209
150,1.2,0.8928571428571428,0.6286622311795048,0.0,0.5817794424164864,0.6127381239667529,0.9086206520609605,0.2958825280942077,0.0,-0.9086206520609605,91.0,210
151,1.2,0.9374999999999999,0.6592967416267178,0.0,0.5770072751262503,0.5728956076763048,0.8549392584338062,0.28204365075750143,0.0,-0.8549392584338062,92.0,211
152,1.2,0.982142857142857,0.6887868064042479,0.0,0.5725170479285937,0.53638835479488,0.8036383703460401,0.2672500155511602,0.0,-0.8036383703460401,93.0,212
153,1.2,1.0267857142857142,0.7170955888881955,10.682927091379344,0.5682962581683729,0.8138455351102196,1.4342151282564735,0.6203695931462537,0.0,9.24871196312287,94.0,213
154,1.2,1.0714285714285712,0.42577490626556175,0.0,0.6168714260419175,0.7522940705891861,1.347983849162334,0.595689778573148,0.0,-1.347983849162334,95.0,214
155,1.2,1.1160714285714284,0.46353396095640825,10.284144406157772,0.6097916789349724,1.0138730057248633,1.9696233086726613,0.9557503029477981,0.0,8.31452109748511,96.0,215
156,1.2,1.1607142857142856,0.25619639805633615,0.0,0.6534603821780665,0.9290631822891048,1.846197449897598,0.9171342676084933,0.0,-1.846197449897598,97.0,216
157,1.2,1.2053571428571428,0.29696410700109055,2.9136695458412656,0.6437639670000328,0.9414785636696889,1.937137146039861,0.9956585823701721,0.0,0.9765323998014046,98.0,217
158,1.2,1.2499999999999998,0.275025509053652,0.0,0.6488928136376452,0.8625525266065138,1.8136950357076747,0.9511425091011609,0.0,-1.8136950357076747,99.0,218
159,1.2,1.294642857142857,0.31644178112323235,0.7504559289031529,0.6393671044164915,0.8128330261532676,1.7516755016699102,0.9388424755166425,0.0,-1.0012195727667572,100.0,219
160,1.2,1.339285714285714,0.3405488176405888,1.5753757975430356,0.6341085982570022,0.7899515654990951,1.7532312581315783,0.9632796926324833,0.0,-0.17785546058854274,101.0,220
161,1.2,1.3839285714285712,0.3449237169957409,0.2672889966823691,0.6331744834429867,0.7322069263458,1.658471977322747,0.926265050976947,0.0,-1.391182980640378,102.0,221
162,1.2,1.4285714285714284,0.3801075139210166,0.0,0.625867850141304,0.6728895999041868,1.5493956583389656,0.8765060584347787,0.0,-1.5493956583389656,103.0,222
163,1.2,1.4732142857142856,0.4213034552818389,0.0,0.6177302679021287,0.6194078157050706,1.446578913067998,0.8271710973629274,0.0,-1.446578913067998,104.0,223
164,1.2,1.5178571428571423,0.4616784504044597,0.0,0.6101326895771917,0.571160365828336,1.3495922074353404,0.7784318416070044,0.0,-1.3495922074353404,105.0,224
165,1.2,1.5624999999999998,0.5010120108054208,0.0,0.6030444952104095,0.5276109633779161,1.2580559154820106,0.7304449521040944,0.0,-1.2580559154820106,106.0,225
166,1.2,1.607142857142857,0.539125654819636,0.0,0.5964370586795166,0.488280569963853,1.1716331735245946,0.6833526035607416,0.0,-1.1716331735245946,107.0,226
167,1.2,1.651785714285714,0.5758774656915742,0.0,0.5902835231042823,0.45274076077211883,1.090023719303103,0.6372829585309843,0.0,-1.090023719303103,108.0,227
168,1.2,1.696428571428571,0.611157399481937,0.0,0.5845586086121441,0.4206079648734186,1.0129585726624117,0.5923506077889931,0.0,-1.0129585726624117,109.0,228
169,1.2,1.7410714285714282,0.6448832119169651,0.0,0.5792384480414382,0.3915384467693204,0.9401954392310599,0.5486569924617395,0.0,-0.9401954392310599,110.0,229
170,1.2,1.7857142857142856,0.6769968990857903,0.0,0.5743004467849726,0.36522391823631406,0.8715147386360006,0.5062908203996865,0.0,-0.8715147386360006,111.0,230
171,1.2,1.8303571428571423,0.7074615675367676,23.34788444865551,0.5697231634938171,0.8375333324966082,2.7393313005233324,1.9017979680267243,0.0,20.608553148132177,112.0,231
172,1.2,1.8749999999999998,0.16659013570210243,5.289496848951422,0.677961362801234,0.8802016339550316,2.9891096377138364,2.108908003758805,0.0,2.3003872112375854,113.0,232
173,1.2,1.919642857142857,0.1294755320884788,0.0,0.6900432284064734,0.7908172853318005,2.757062662897044,1.9662453775652433,0.0,-2.757062662897044,114.0,233
174,1.2,1.964285714285714,0.1745138684795934,0.0,0.6755628572778124,0.711997953866212,2.5419310167872813,1.8299330629210693,0.0,-2.5419310167872813,115.0,234
175,1.2,2.008928571428571,0.22198277763690996,0.0,0.6622123792484674,0.6424399999361714,2.3423134474164664,1.6998734474802948,0.0,-2.3423134474164664,116.0,235
176,1.2,2.053571428571428,0.270773227357119,0.0,0.6499103128229607,0.5810074149878658,2.1569715263753486,1.575964111387483,0.0,-2.1569715263753486,117.0,236
177,1.2,2.0982142857142856,0.31998625582904366,14.733398079978176,0.6385816808567036,0.8298622242468516,3.327079294188994,2.4972170699421423,0.0,11.406318785789182,118.0,237
178,1.2,2.1428571428571423,0.10630516638674681,0.0,0.6984888173366889,0.7407428893882918,3.0514466700057383,2.3107037806174464,0.0,-3.0514466700057383,119.0,238
179,1.2,2.1875,0.15221761016974514,0.0,0.6824623117169109,0.6627690221073201,2.797241386144071,2.134472364036751,0.0,-2.797241386144071,120.0,239
